{
    "TODOid":1,
    "TODOname":"Rubbish",
    "TODOendFINISH":2019-07-13,
    "TODOstatus":0,
    "PRid":1
},

{
    "TODOid":2,
    "TODOname":"PC",
    "TODOendFINISH":2019-07-10,
    "TODOstatus":1,
    "PRid":1
},

{
    "TODOid":3,
    "TODOname":"Doc",
    "TODOendFINISH":2019-07-19,
    "TODOstatus":0,
    "PRid":1
},

{
    "TODOid":4,
    "TODOname":"Cat",
    "TODOendFINISH":2019-07-18,
    "TODOstatus":0,
    "PRid":2
},

{
    "TODOid":5,
    "TODOname":"Food",
    "TODOendFINISH":2019-07-11,
    "TODOstatus":1,
    "PRid":2
},

{
    "TODOid":6,
    "TODOname":"Wash-up",
    "TODOendFINISH":2019-07-09,
    "TODOstatus":0,
    "PRid":2
},

{
    "TODOid":7,
    "TODOname":"Flower",
    "TODOendFINISH":0000-00-00,
    "TODOstatus":0,
    "PRid":3
},

{
    "TODOid":8,
    "TODOname":"Vegetables",
    "TODOendFINISH":2019-07-13,
    "TODOstatus":1,
    "PRid":3
},

{
    "TODOid":9,
    "TODOname":"Rubbish",
    "TODOendFINISH":2019-07-13,
    "TODOstatus":0,
    "PRid":3
},

{
    "TODOid":10,
    "TODOname":"Rubbish",
    "TODOendFINISH":2019-07-13,
    "TODOstatus":1,
    "PRid":4
},